{
    "0": 0.01765381802987569,
    "1": 0.009088060169225948,
    "2": 0.005257843239667119,
    "3": 0.003064173543647063,
    "4": 0.0023677704655454576,
    "5": 0.00396949754517915,
    "6": 0.010863888018385042,
    "7": 0.03332288728716181,
    "8": 0.05369267732163376,
    "9": 0.07117239458198406,
    "10": 0.0731919635084787,
    "11": 0.06730735749852014,
    "12": 0.05971656394721265,
    "13": 0.06267627702914447,
    "14": 0.05334447578258296,
    "15": 0.050384762700651134,
    "16": 0.05647828963404018,
    "17": 0.06824750165395731,
    "18": 0.07646505797555625,
    "19": 0.06358160103067656,
    "20": 0.050698144085796856,
    "21": 0.04122706222361503,
    "22": 0.035168355444131064,
    "23": 0.031059577283331592
}