{
    "(0, 1)":1.0,
    "(0, 2)":0.9797420369,
    "(0, 3)":0.9184748776,
    "(0, 4)":0.8980558332,
    "(0, 5)":0.8954874192,
    "(1, 1)":0.9532566629,
    "(1, 2)":0.9616378646,
    "(1, 3)":0.9084972617,
    "(1, 4)":0.8772991275,
    "(1, 5)":0.9492219339,
    "(2, 1)":0.9751577335,
    "(2, 2)":0.9665631035,
    "(2, 3)":0.9194714751,
    "(2, 4)":0.8742827584,
    "(2, 5)":0.9220626137,
    "(3, 1)":0.9788277146,
    "(3, 2)":0.9433032124,
    "(3, 3)":0.9038879819,
    "(3, 4)":0.8789535483,
    "(3, 5)":0.8971213442,
    "(4, 1)":0.9869943381,
    "(4, 2)":0.9412302006,
    "(4, 3)":0.9031498399,
    "(4, 4)":0.8966393792,
    "(4, 5)":0.9347682453,
    "(5, 1)":0.9745592164,
    "(5, 2)":0.8844921879,
    "(5, 3)":0.8910155769,
    "(5, 4)":0.8446441834,
    "(5, 5)":0.8957708311,
    "(6, 1)":0.8687546781,
    "(6, 2)":0.8275354753,
    "(6, 3)":0.7958316454,
    "(6, 4)":0.7916402475,
    "(6, 5)":0.8031966241
}